"","cause.numeric","cause.group","cause.sub"
"378",9040,"Intentional","Other external causes of accidental injury"
"506",9500,"Intentional","Intentional self-harm"
"507",9501,"Intentional","Intentional self-harm"
"508",9502,"Intentional","Intentional self-harm"
"509",9503,"Intentional","Intentional self-harm"
"510",9504,"Intentional","Intentional self-harm"
"511",9505,"Intentional","Intentional self-harm"
"512",9506,"Intentional","Intentional self-harm"
"513",9507,"Intentional","Intentional self-harm"
"514",9508,"Intentional","Intentional self-harm"
"515",9509,"Intentional","Intentional self-harm"
"516",9510,"Intentional","Intentional self-harm"
"517",9511,"Intentional","Intentional self-harm"
"518",9518,"Intentional","Intentional self-harm"
"519",9520,"Intentional","Intentional self-harm"
"520",9521,"Intentional","Intentional self-harm"
"521",9528,"Intentional","Intentional self-harm"
"522",9529,"Intentional","Intentional self-harm"
"523",9530,"Intentional","Intentional self-harm"
"524",9531,"Intentional","Intentional self-harm"
"525",9538,"Intentional","Intentional self-harm"
"526",9539,"Intentional","Intentional self-harm"
"527",9540,"Intentional","Intentional self-harm"
"528",9550,"Intentional","Intentional self-harm"
"529",9551,"Intentional","Intentional self-harm"
"530",9552,"Intentional","Intentional self-harm"
"531",9553,"Intentional","Intentional self-harm"
"532",9554,"Intentional","Intentional self-harm"
"533",9555,"Intentional","Intentional self-harm"
"534",9559,"Intentional","Intentional self-harm"
"535",9560,"Intentional","Intentional self-harm"
"536",9570,"Intentional","Intentional self-harm"
"537",9571,"Intentional","Intentional self-harm"
"538",9572,"Intentional","Intentional self-harm"
"539",9579,"Intentional","Intentional self-harm"
"540",9580,"Intentional","Intentional self-harm"
"541",9581,"Intentional","Intentional self-harm"
"542",9582,"Intentional","Intentional self-harm"
"543",9583,"Intentional","Intentional self-harm"
"544",9584,"Intentional","Intentional self-harm"
"545",9585,"Intentional","Intentional self-harm"
"546",9586,"Intentional","Intentional self-harm"
"547",9588,"Intentional","Intentional self-harm"
"548",9589,"Intentional","Intentional self-harm"
"549",9590,"Intentional","Intentional self-harm"
"550",9600,"Intentional","Assault"
"551",9601,"Intentional","Assault"
"552",9610,"Intentional","Assault"
"553",9620,"Intentional","Assault"
"554",9621,"Intentional","Assault"
"555",9622,"Intentional","Assault"
"556",9630,"Intentional","Assault"
"557",9640,"Intentional","Assault"
"558",9650,"Intentional","Assault"
"559",9651,"Intentional","Assault"
"560",9652,"Intentional","Assault"
"561",9653,"Intentional","Assault"
"562",9654,"Intentional","Assault"
"563",9655,"Intentional","Assault"
"564",9658,"Intentional","Assault"
"565",9659,"Intentional","Assault"
"566",9660,"Intentional","Assault"
"567",9670,"Intentional","Assault"
"568",9671,"Intentional","Assault"
"569",9679,"Intentional","Assault"
"570",9680,"Intentional","Assault"
"571",9681,"Intentional","Assault"
"572",9682,"Intentional","Assault"
"573",9683,"Intentional","Assault"
"574",9684,"Intentional","Assault"
"575",9688,"Intentional","Assault"
"576",9689,"Intentional","Assault"
"577",9690,"Intentional","Assault"
"578",9700,"Intentional","Legal intervention and operations of war"
"579",9720,"Intentional","Legal intervention and operations of war"
"580",9750,"Intentional","Legal intervention and operations of war"
"581",9760,"Intentional","Legal intervention and operations of war"
"582",9770,"Intentional","Legal intervention and operations of war"
"622",9919,"Intentional","Legal intervention and operations of war"
"623",9990,"Intentional","Legal intervention and operations of war"
"1",8000,"Unintentional","Transport accidents"
"2",8013,"Unintentional","Transport accidents"
"3",8019,"Unintentional","Transport accidents"
"4",8020,"Unintentional","Transport accidents"
"5",8028,"Unintentional","Transport accidents"
"6",8039,"Unintentional","Transport accidents"
"7",8040,"Unintentional","Transport accidents"
"8",8041,"Unintentional","Transport accidents"
"9",8048,"Unintentional","Transport accidents"
"10",8049,"Unintentional","Transport accidents"
"11",8050,"Unintentional","Transport accidents"
"12",8052,"Unintentional","Transport accidents"
"13",8053,"Unintentional","Transport accidents"
"14",8058,"Unintentional","Transport accidents"
"15",8059,"Unintentional","Transport accidents"
"16",8060,"Unintentional","Transport accidents"
"17",8062,"Unintentional","Transport accidents"
"18",8068,"Unintentional","Transport accidents"
"19",8069,"Unintentional","Transport accidents"
"20",8070,"Unintentional","Transport accidents"
"21",8079,"Unintentional","Transport accidents"
"22",8100,"Unintentional","Transport accidents"
"23",8101,"Unintentional","Transport accidents"
"24",8102,"Unintentional","Transport accidents"
"25",8103,"Unintentional","Transport accidents"
"26",8106,"Unintentional","Transport accidents"
"27",8107,"Unintentional","Transport accidents"
"28",8109,"Unintentional","Transport accidents"
"29",8110,"Unintentional","Transport accidents"
"30",8111,"Unintentional","Transport accidents"
"31",8112,"Unintentional","Transport accidents"
"32",8113,"Unintentional","Transport accidents"
"33",8119,"Unintentional","Transport accidents"
"34",8120,"Unintentional","Transport accidents"
"35",8121,"Unintentional","Transport accidents"
"36",8122,"Unintentional","Transport accidents"
"37",8123,"Unintentional","Transport accidents"
"38",8127,"Unintentional","Transport accidents"
"39",8128,"Unintentional","Transport accidents"
"40",8129,"Unintentional","Transport accidents"
"41",8130,"Unintentional","Transport accidents"
"42",8132,"Unintentional","Transport accidents"
"43",8135,"Unintentional","Transport accidents"
"44",8136,"Unintentional","Transport accidents"
"45",8137,"Unintentional","Transport accidents"
"46",8138,"Unintentional","Transport accidents"
"47",8139,"Unintentional","Transport accidents"
"48",8140,"Unintentional","Transport accidents"
"49",8141,"Unintentional","Transport accidents"
"50",8142,"Unintentional","Transport accidents"
"51",8143,"Unintentional","Transport accidents"
"52",8145,"Unintentional","Transport accidents"
"53",8147,"Unintentional","Transport accidents"
"54",8149,"Unintentional","Transport accidents"
"55",8150,"Unintentional","Transport accidents"
"56",8151,"Unintentional","Transport accidents"
"57",8152,"Unintentional","Transport accidents"
"58",8153,"Unintentional","Transport accidents"
"59",8157,"Unintentional","Transport accidents"
"60",8158,"Unintentional","Transport accidents"
"61",8159,"Unintentional","Transport accidents"
"62",8160,"Unintentional","Transport accidents"
"63",8161,"Unintentional","Transport accidents"
"64",8162,"Unintentional","Transport accidents"
"65",8163,"Unintentional","Transport accidents"
"66",8167,"Unintentional","Transport accidents"
"67",8168,"Unintentional","Transport accidents"
"68",8169,"Unintentional","Transport accidents"
"69",8171,"Unintentional","Transport accidents"
"70",8179,"Unintentional","Transport accidents"
"71",8180,"Unintentional","Transport accidents"
"72",8181,"Unintentional","Transport accidents"
"73",8182,"Unintentional","Transport accidents"
"74",8183,"Unintentional","Transport accidents"
"75",8187,"Unintentional","Transport accidents"
"76",8188,"Unintentional","Transport accidents"
"77",8189,"Unintentional","Transport accidents"
"78",8190,"Unintentional","Transport accidents"
"79",8191,"Unintentional","Transport accidents"
"80",8192,"Unintentional","Transport accidents"
"81",8193,"Unintentional","Transport accidents"
"82",8197,"Unintentional","Transport accidents"
"83",8199,"Unintentional","Transport accidents"
"84",8200,"Unintentional","Transport accidents"
"85",8201,"Unintentional","Transport accidents"
"86",8207,"Unintentional","Transport accidents"
"87",8208,"Unintentional","Transport accidents"
"88",8209,"Unintentional","Transport accidents"
"89",8210,"Unintentional","Transport accidents"
"90",8211,"Unintentional","Transport accidents"
"91",8212,"Unintentional","Transport accidents"
"92",8215,"Unintentional","Transport accidents"
"93",8217,"Unintentional","Transport accidents"
"94",8218,"Unintentional","Transport accidents"
"95",8219,"Unintentional","Transport accidents"
"96",8220,"Unintentional","Transport accidents"
"97",8221,"Unintentional","Transport accidents"
"98",8222,"Unintentional","Transport accidents"
"99",8223,"Unintentional","Transport accidents"
"100",8226,"Unintentional","Transport accidents"
"101",8227,"Unintentional","Transport accidents"
"102",8228,"Unintentional","Transport accidents"
"103",8229,"Unintentional","Transport accidents"
"104",8230,"Unintentional","Transport accidents"
"105",8231,"Unintentional","Transport accidents"
"106",8232,"Unintentional","Transport accidents"
"107",8233,"Unintentional","Transport accidents"
"108",8237,"Unintentional","Transport accidents"
"109",8239,"Unintentional","Transport accidents"
"110",8241,"Unintentional","Transport accidents"
"111",8248,"Unintentional","Transport accidents"
"112",8249,"Unintentional","Transport accidents"
"113",8250,"Unintentional","Transport accidents"
"114",8251,"Unintentional","Transport accidents"
"115",8252,"Unintentional","Transport accidents"
"116",8257,"Unintentional","Transport accidents"
"117",8258,"Unintentional","Transport accidents"
"118",8259,"Unintentional","Transport accidents"
"119",8260,"Unintentional","Transport accidents"
"120",8261,"Unintentional","Transport accidents"
"121",8269,"Unintentional","Transport accidents"
"122",8273,"Unintentional","Transport accidents"
"123",8279,"Unintentional","Transport accidents"
"124",8282,"Unintentional","Transport accidents"
"125",8289,"Unintentional","Transport accidents"
"126",8290,"Unintentional","Transport accidents"
"127",8291,"Unintentional","Transport accidents"
"128",8298,"Unintentional","Transport accidents"
"129",8299,"Unintentional","Transport accidents"
"130",8300,"Unintentional","Transport accidents"
"131",8301,"Unintentional","Transport accidents"
"132",8302,"Unintentional","Transport accidents"
"133",8303,"Unintentional","Transport accidents"
"134",8308,"Unintentional","Transport accidents"
"135",8309,"Unintentional","Transport accidents"
"136",8310,"Unintentional","Transport accidents"
"137",8311,"Unintentional","Transport accidents"
"138",8312,"Unintentional","Transport accidents"
"139",8318,"Unintentional","Transport accidents"
"140",8319,"Unintentional","Transport accidents"
"141",8320,"Unintentional","Transport accidents"
"142",8321,"Unintentional","Transport accidents"
"143",8322,"Unintentional","Transport accidents"
"144",8326,"Unintentional","Transport accidents"
"145",8329,"Unintentional","Transport accidents"
"146",8342,"Unintentional","Transport accidents"
"147",8346,"Unintentional","Transport accidents"
"148",8348,"Unintentional","Transport accidents"
"149",8349,"Unintentional","Transport accidents"
"150",8352,"Unintentional","Transport accidents"
"151",8353,"Unintentional","Transport accidents"
"152",8362,"Unintentional","Transport accidents"
"153",8366,"Unintentional","Transport accidents"
"154",8372,"Unintentional","Transport accidents"
"155",8373,"Unintentional","Transport accidents"
"156",8378,"Unintentional","Transport accidents"
"157",8380,"Unintentional","Transport accidents"
"158",8381,"Unintentional","Transport accidents"
"159",8382,"Unintentional","Transport accidents"
"160",8384,"Unintentional","Transport accidents"
"161",8385,"Unintentional","Transport accidents"
"162",8386,"Unintentional","Transport accidents"
"163",8388,"Unintentional","Transport accidents"
"164",8389,"Unintentional","Transport accidents"
"165",8401,"Unintentional","Transport accidents"
"166",8402,"Unintentional","Transport accidents"
"167",8403,"Unintentional","Transport accidents"
"168",8404,"Unintentional","Transport accidents"
"169",8405,"Unintentional","Transport accidents"
"170",8409,"Unintentional","Transport accidents"
"171",8411,"Unintentional","Transport accidents"
"172",8412,"Unintentional","Transport accidents"
"173",8413,"Unintentional","Transport accidents"
"174",8414,"Unintentional","Transport accidents"
"175",8415,"Unintentional","Transport accidents"
"176",8418,"Unintentional","Transport accidents"
"177",8419,"Unintentional","Transport accidents"
"178",8422,"Unintentional","Transport accidents"
"179",8426,"Unintentional","Transport accidents"
"180",8427,"Unintentional","Transport accidents"
"181",8431,"Unintentional","Transport accidents"
"182",8436,"Unintentional","Transport accidents"
"183",8437,"Unintentional","Transport accidents"
"184",8442,"Unintentional","Transport accidents"
"185",8443,"Unintentional","Transport accidents"
"186",8447,"Unintentional","Transport accidents"
"187",8448,"Unintentional","Transport accidents"
"188",8449,"Unintentional","Transport accidents"
"189",8460,"Unintentional","Transport accidents"
"190",8480,"Unintentional","Transport accidents"
"191",8500,"Unintentional","Other external causes of accidental injury"
"192",8501,"Unintentional","Other external causes of accidental injury"
"193",8502,"Unintentional","Other external causes of accidental injury"
"194",8503,"Unintentional","Other external causes of accidental injury"
"195",8504,"Unintentional","Other external causes of accidental injury"
"196",8505,"Unintentional","Other external causes of accidental injury"
"197",8508,"Unintentional","Other external causes of accidental injury"
"198",8510,"Unintentional","Other external causes of accidental injury"
"199",8520,"Unintentional","Other external causes of accidental injury"
"200",8521,"Unintentional","Other external causes of accidental injury"
"201",8522,"Unintentional","Other external causes of accidental injury"
"202",8523,"Unintentional","Other external causes of accidental injury"
"203",8524,"Unintentional","Other external causes of accidental injury"
"204",8525,"Unintentional","Other external causes of accidental injury"
"205",8528,"Unintentional","Other external causes of accidental injury"
"206",8529,"Unintentional","Other external causes of accidental injury"
"207",8530,"Unintentional","Other external causes of accidental injury"
"208",8532,"Unintentional","Other external causes of accidental injury"
"209",8538,"Unintentional","Other external causes of accidental injury"
"210",8539,"Unintentional","Other external causes of accidental injury"
"211",8540,"Unintentional","Other external causes of accidental injury"
"212",8541,"Unintentional","Other external causes of accidental injury"
"213",8542,"Unintentional","Other external causes of accidental injury"
"214",8550,"Unintentional","Other external causes of accidental injury"
"215",8551,"Unintentional","Other external causes of accidental injury"
"216",8552,"Unintentional","Other external causes of accidental injury"
"217",8554,"Unintentional","Other external causes of accidental injury"
"218",8555,"Unintentional","Other external causes of accidental injury"
"219",8558,"Unintentional","Other external causes of accidental injury"
"220",8560,"Unintentional","Other external causes of accidental injury"
"221",8570,"Unintentional","Other external causes of accidental injury"
"222",8580,"Unintentional","Other external causes of accidental injury"
"223",8581,"Unintentional","Other external causes of accidental injury"
"224",8582,"Unintentional","Other external causes of accidental injury"
"225",8583,"Unintentional","Other external causes of accidental injury"
"226",8584,"Unintentional","Other external causes of accidental injury"
"227",8585,"Unintentional","Other external causes of accidental injury"
"228",8586,"Unintentional","Other external causes of accidental injury"
"229",8587,"Unintentional","Other external causes of accidental injury"
"230",8588,"Unintentional","Other external causes of accidental injury"
"231",8589,"Unintentional","Other external causes of accidental injury"
"232",8600,"Unintentional","Other external causes of accidental injury"
"233",8601,"Unintentional","Other external causes of accidental injury"
"234",8602,"Unintentional","Other external causes of accidental injury"
"235",8603,"Unintentional","Other external causes of accidental injury"
"236",8604,"Unintentional","Other external causes of accidental injury"
"237",8608,"Unintentional","Other external causes of accidental injury"
"238",8609,"Unintentional","Other external causes of accidental injury"
"239",8610,"Unintentional","Other external causes of accidental injury"
"240",8611,"Unintentional","Other external causes of accidental injury"
"241",8612,"Unintentional","Other external causes of accidental injury"
"242",8613,"Unintentional","Other external causes of accidental injury"
"243",8614,"Unintentional","Other external causes of accidental injury"
"244",8616,"Unintentional","Other external causes of accidental injury"
"245",8619,"Unintentional","Other external causes of accidental injury"
"246",8621,"Unintentional","Other external causes of accidental injury"
"247",8624,"Unintentional","Other external causes of accidental injury"
"248",8629,"Unintentional","Other external causes of accidental injury"
"249",8630,"Unintentional","Other external causes of accidental injury"
"250",8631,"Unintentional","Other external causes of accidental injury"
"251",8634,"Unintentional","Other external causes of accidental injury"
"252",8635,"Unintentional","Other external causes of accidental injury"
"253",8636,"Unintentional","Other external causes of accidental injury"
"254",8638,"Unintentional","Other external causes of accidental injury"
"255",8639,"Unintentional","Other external causes of accidental injury"
"256",8640,"Unintentional","Other external causes of accidental injury"
"257",8641,"Unintentional","Other external causes of accidental injury"
"258",8642,"Unintentional","Other external causes of accidental injury"
"259",8643,"Unintentional","Other external causes of accidental injury"
"260",8644,"Unintentional","Other external causes of accidental injury"
"261",8651,"Unintentional","Other external causes of accidental injury"
"262",8652,"Unintentional","Other external causes of accidental injury"
"263",8653,"Unintentional","Other external causes of accidental injury"
"264",8654,"Unintentional","Other external causes of accidental injury"
"265",8655,"Unintentional","Other external causes of accidental injury"
"266",8659,"Unintentional","Other external causes of accidental injury"
"267",8660,"Unintentional","Other external causes of accidental injury"
"268",8663,"Unintentional","Other external causes of accidental injury"
"269",8664,"Unintentional","Other external causes of accidental injury"
"270",8665,"Unintentional","Other external causes of accidental injury"
"271",8667,"Unintentional","Other external causes of accidental injury"
"272",8668,"Unintentional","Other external causes of accidental injury"
"273",8669,"Unintentional","Other external causes of accidental injury"
"274",8670,"Unintentional","Other external causes of accidental injury"
"275",8680,"Unintentional","Other external causes of accidental injury"
"276",8681,"Unintentional","Other external causes of accidental injury"
"277",8682,"Unintentional","Other external causes of accidental injury"
"278",8683,"Unintentional","Other external causes of accidental injury"
"279",8688,"Unintentional","Other external causes of accidental injury"
"280",8689,"Unintentional","Other external causes of accidental injury"
"281",8690,"Unintentional","Other external causes of accidental injury"
"282",8692,"Unintentional","Other external causes of accidental injury"
"283",8693,"Unintentional","Other external causes of accidental injury"
"284",8698,"Unintentional","Other external causes of accidental injury"
"285",8699,"Unintentional","Other external causes of accidental injury"
"286",8700,"Unintentional","Complications of medical and surgical care"
"287",8701,"Unintentional","Complications of medical and surgical care"
"288",8702,"Unintentional","Complications of medical and surgical care"
"289",8704,"Unintentional","Complications of medical and surgical care"
"290",8705,"Unintentional","Complications of medical and surgical care"
"291",8706,"Unintentional","Complications of medical and surgical care"
"292",8707,"Unintentional","Complications of medical and surgical care"
"293",8708,"Unintentional","Complications of medical and surgical care"
"294",8709,"Unintentional","Complications of medical and surgical care"
"295",8710,"Unintentional","Complications of medical and surgical care"
"296",8719,"Unintentional","Complications of medical and surgical care"
"297",8732,"Unintentional","Complications of medical and surgical care"
"298",8738,"Unintentional","Complications of medical and surgical care"
"299",8739,"Unintentional","Complications of medical and surgical care"
"300",8740,"Unintentional","Complications of medical and surgical care"
"301",8741,"Unintentional","Complications of medical and surgical care"
"302",8742,"Unintentional","Complications of medical and surgical care"
"303",8748,"Unintentional","Complications of medical and surgical care"
"304",8759,"Unintentional","Complications of medical and surgical care"
"305",8760,"Unintentional","Complications of medical and surgical care"
"306",8761,"Unintentional","Complications of medical and surgical care"
"307",8763,"Unintentional","Complications of medical and surgical care"
"308",8765,"Unintentional","Complications of medical and surgical care"
"309",8768,"Unintentional","Complications of medical and surgical care"
"310",8769,"Unintentional","Complications of medical and surgical care"
"311",8780,"Unintentional","Complications of medical and surgical care"
"312",8781,"Unintentional","Complications of medical and surgical care"
"313",8782,"Unintentional","Complications of medical and surgical care"
"314",8783,"Unintentional","Complications of medical and surgical care"
"315",8784,"Unintentional","Complications of medical and surgical care"
"316",8785,"Unintentional","Complications of medical and surgical care"
"317",8786,"Unintentional","Complications of medical and surgical care"
"318",8788,"Unintentional","Complications of medical and surgical care"
"319",8789,"Unintentional","Complications of medical and surgical care"
"320",8790,"Unintentional","Complications of medical and surgical care"
"321",8791,"Unintentional","Complications of medical and surgical care"
"322",8792,"Unintentional","Complications of medical and surgical care"
"323",8794,"Unintentional","Complications of medical and surgical care"
"324",8795,"Unintentional","Complications of medical and surgical care"
"325",8796,"Unintentional","Complications of medical and surgical care"
"326",8798,"Unintentional","Complications of medical and surgical care"
"327",8799,"Unintentional","Complications of medical and surgical care"
"328",8800,"Unintentional","Other external causes of accidental injury"
"329",8809,"Unintentional","Other external causes of accidental injury"
"330",8810,"Unintentional","Other external causes of accidental injury"
"331",8811,"Unintentional","Other external causes of accidental injury"
"332",8820,"Unintentional","Other external causes of accidental injury"
"333",8830,"Unintentional","Other external causes of accidental injury"
"334",8831,"Unintentional","Other external causes of accidental injury"
"335",8832,"Unintentional","Other external causes of accidental injury"
"336",8839,"Unintentional","Other external causes of accidental injury"
"337",8840,"Unintentional","Other external causes of accidental injury"
"338",8841,"Unintentional","Other external causes of accidental injury"
"339",8842,"Unintentional","Other external causes of accidental injury"
"340",8849,"Unintentional","Other external causes of accidental injury"
"341",8850,"Unintentional","Other external causes of accidental injury"
"342",8860,"Unintentional","Other external causes of accidental injury"
"343",8869,"Unintentional","Other external causes of accidental injury"
"344",8870,"Unintentional","Other external causes of accidental injury"
"345",8880,"Unintentional","Other external causes of accidental injury"
"346",8900,"Unintentional","Other external causes of accidental injury"
"347",8902,"Unintentional","Other external causes of accidental injury"
"348",8903,"Unintentional","Other external causes of accidental injury"
"349",8908,"Unintentional","Other external causes of accidental injury"
"350",8909,"Unintentional","Other external causes of accidental injury"
"351",8910,"Unintentional","Other external causes of accidental injury"
"352",8912,"Unintentional","Other external causes of accidental injury"
"353",8913,"Unintentional","Other external causes of accidental injury"
"354",8918,"Unintentional","Other external causes of accidental injury"
"355",8919,"Unintentional","Other external causes of accidental injury"
"356",8920,"Unintentional","Other external causes of accidental injury"
"357",8930,"Unintentional","Other external causes of accidental injury"
"358",8931,"Unintentional","Other external causes of accidental injury"
"359",8932,"Unintentional","Other external causes of accidental injury"
"360",8938,"Unintentional","Other external causes of accidental injury"
"361",8939,"Unintentional","Other external causes of accidental injury"
"362",8940,"Unintentional","Other external causes of accidental injury"
"363",8950,"Unintentional","Other external causes of accidental injury"
"364",8960,"Unintentional","Other external causes of accidental injury"
"365",8970,"Unintentional","Other external causes of accidental injury"
"366",8980,"Unintentional","Other external causes of accidental injury"
"367",8981,"Unintentional","Other external causes of accidental injury"
"368",8990,"Unintentional","Other external causes of accidental injury"
"369",9000,"Unintentional","Other external causes of accidental injury"
"370",9001,"Unintentional","Other external causes of accidental injury"
"371",9009,"Unintentional","Other external causes of accidental injury"
"372",9010,"Unintentional","Other external causes of accidental injury"
"373",9011,"Unintentional","Other external causes of accidental injury"
"374",9018,"Unintentional","Other external causes of accidental injury"
"375",9019,"Unintentional","Other external causes of accidental injury"
"376",9022,"Unintentional","Other external causes of accidental injury"
"377",9029,"Unintentional","Other external causes of accidental injury"
"379",9040,"Unintentional","Other external causes of accidental injury"
"380",9041,"Unintentional","Other external causes of accidental injury"
"381",9043,"Unintentional","Other external causes of accidental injury"
"382",9049,"Unintentional","Other external causes of accidental injury"
"383",9050,"Unintentional","Other external causes of accidental injury"
"384",9051,"Unintentional","Other external causes of accidental injury"
"385",9053,"Unintentional","Other external causes of accidental injury"
"386",9055,"Unintentional","Other external causes of accidental injury"
"387",9060,"Unintentional","Other external causes of accidental injury"
"388",9063,"Unintentional","Other external causes of accidental injury"
"389",9064,"Unintentional","Other external causes of accidental injury"
"390",9068,"Unintentional","Other external causes of accidental injury"
"391",9069,"Unintentional","Other external causes of accidental injury"
"392",9070,"Unintentional","Other external causes of accidental injury"
"393",9080,"Unintentional","Other external causes of accidental injury"
"394",9090,"Unintentional","Other external causes of accidental injury"
"395",9100,"Unintentional","Other external causes of accidental injury"
"396",9101,"Unintentional","Other external causes of accidental injury"
"397",9102,"Unintentional","Other external causes of accidental injury"
"398",9103,"Unintentional","Other external causes of accidental injury"
"399",9104,"Unintentional","Other external causes of accidental injury"
"400",9108,"Unintentional","Other external causes of accidental injury"
"401",9109,"Unintentional","Other external causes of accidental injury"
"402",9110,"Unintentional","Other external causes of accidental injury"
"403",9120,"Unintentional","Other external causes of accidental injury"
"404",9130,"Unintentional","Other external causes of accidental injury"
"405",9131,"Unintentional","Other external causes of accidental injury"
"406",9132,"Unintentional","Other external causes of accidental injury"
"407",9133,"Unintentional","Other external causes of accidental injury"
"408",9138,"Unintentional","Other external causes of accidental injury"
"409",9139,"Unintentional","Other external causes of accidental injury"
"410",9150,"Unintentional","Other external causes of accidental injury"
"411",9160,"Unintentional","Other external causes of accidental injury"
"412",9170,"Unintentional","Other external causes of accidental injury"
"413",9172,"Unintentional","Other external causes of accidental injury"
"414",9179,"Unintentional","Other external causes of accidental injury"
"415",9180,"Unintentional","Other external causes of accidental injury"
"416",9190,"Unintentional","Other external causes of accidental injury"
"417",9191,"Unintentional","Other external causes of accidental injury"
"418",9192,"Unintentional","Other external causes of accidental injury"
"419",9193,"Unintentional","Other external causes of accidental injury"
"420",9194,"Unintentional","Other external causes of accidental injury"
"421",9196,"Unintentional","Other external causes of accidental injury"
"422",9197,"Unintentional","Other external causes of accidental injury"
"423",9198,"Unintentional","Other external causes of accidental injury"
"424",9199,"Unintentional","Other external causes of accidental injury"
"425",9200,"Unintentional","Other external causes of accidental injury"
"426",9201,"Unintentional","Other external causes of accidental injury"
"427",9202,"Unintentional","Other external causes of accidental injury"
"428",9203,"Unintentional","Other external causes of accidental injury"
"429",9204,"Unintentional","Other external causes of accidental injury"
"430",9208,"Unintentional","Other external causes of accidental injury"
"431",9209,"Unintentional","Other external causes of accidental injury"
"432",9210,"Unintentional","Other external causes of accidental injury"
"433",9211,"Unintentional","Other external causes of accidental injury"
"434",9218,"Unintentional","Other external causes of accidental injury"
"435",9220,"Unintentional","Other external causes of accidental injury"
"436",9221,"Unintentional","Other external causes of accidental injury"
"437",9222,"Unintentional","Other external causes of accidental injury"
"438",9228,"Unintentional","Other external causes of accidental injury"
"439",9229,"Unintentional","Other external causes of accidental injury"
"440",9230,"Unintentional","Other external causes of accidental injury"
"441",9231,"Unintentional","Other external causes of accidental injury"
"442",9232,"Unintentional","Other external causes of accidental injury"
"443",9238,"Unintentional","Other external causes of accidental injury"
"444",9239,"Unintentional","Other external causes of accidental injury"
"445",9240,"Unintentional","Other external causes of accidental injury"
"446",9241,"Unintentional","Other external causes of accidental injury"
"447",9248,"Unintentional","Other external causes of accidental injury"
"448",9250,"Unintentional","Other external causes of accidental injury"
"449",9251,"Unintentional","Other external causes of accidental injury"
"450",9252,"Unintentional","Other external causes of accidental injury"
"451",9258,"Unintentional","Other external causes of accidental injury"
"452",9259,"Unintentional","Other external causes of accidental injury"
"453",9262,"Unintentional","Other external causes of accidental injury"
"454",9268,"Unintentional","Other external causes of accidental injury"
"455",9270,"Unintentional","Other external causes of accidental injury"
"456",9288,"Unintentional","Other external causes of accidental injury"
"457",9289,"Unintentional","Other external causes of accidental injury"
"458",9290,"Unintentional","Other external causes of accidental injury"
"459",9291,"Unintentional","Other external causes of accidental injury"
"460",9292,"Unintentional","Other external causes of accidental injury"
"461",9293,"Unintentional","Other external causes of accidental injury"
"462",9294,"Unintentional","Other external causes of accidental injury"
"463",9295,"Unintentional","Other external causes of accidental injury"
"464",9298,"Unintentional","Other external causes of accidental injury"
"465",9299,"Unintentional","Other external causes of accidental injury"
"466",9300,"Unintentional","Complications of medical and surgical care"
"467",9305,"Unintentional","Complications of medical and surgical care"
"468",9308,"Unintentional","Complications of medical and surgical care"
"469",9309,"Unintentional","Complications of medical and surgical care"
"470",9314,"Unintentional","Complications of medical and surgical care"
"471",9318,"Unintentional","Complications of medical and surgical care"
"472",9323,"Unintentional","Complications of medical and surgical care"
"473",9329,"Unintentional","Complications of medical and surgical care"
"474",9330,"Unintentional","Complications of medical and surgical care"
"475",9331,"Unintentional","Complications of medical and surgical care"
"476",9340,"Unintentional","Complications of medical and surgical care"
"477",9342,"Unintentional","Complications of medical and surgical care"
"478",9344,"Unintentional","Complications of medical and surgical care"
"479",9345,"Unintentional","Complications of medical and surgical care"
"480",9348,"Unintentional","Complications of medical and surgical care"
"481",9350,"Unintentional","Complications of medical and surgical care"
"482",9351,"Unintentional","Complications of medical and surgical care"
"483",9352,"Unintentional","Complications of medical and surgical care"
"484",9354,"Unintentional","Complications of medical and surgical care"
"485",9355,"Unintentional","Complications of medical and surgical care"
"486",9361,"Unintentional","Complications of medical and surgical care"
"487",9363,"Unintentional","Complications of medical and surgical care"
"488",9370,"Unintentional","Complications of medical and surgical care"
"489",9379,"Unintentional","Complications of medical and surgical care"
"490",9384,"Unintentional","Complications of medical and surgical care"
"491",9385,"Unintentional","Complications of medical and surgical care"
"492",9389,"Unintentional","Complications of medical and surgical care"
"493",9390,"Unintentional","Complications of medical and surgical care"
"494",9391,"Unintentional","Complications of medical and surgical care"
"495",9412,"Unintentional","Complications of medical and surgical care"
"496",9420,"Unintentional","Complications of medical and surgical care"
"497",9421,"Unintentional","Complications of medical and surgical care"
"498",9424,"Unintentional","Complications of medical and surgical care"
"499",9441,"Unintentional","Complications of medical and surgical care"
"500",9447,"Unintentional","Complications of medical and surgical care"
"501",9461,"Unintentional","Complications of medical and surgical care"
"502",9465,"Unintentional","Complications of medical and surgical care"
"503",9473,"Unintentional","Complications of medical and surgical care"
"504",9478,"Unintentional","Complications of medical and surgical care"
"505",9479,"Unintentional","Complications of medical and surgical care"
"583",9800,"Unintentional","Other external causes of accidental injury"
"584",9801,"Unintentional","Other external causes of accidental injury"
"585",9802,"Unintentional","Other external causes of accidental injury"
"586",9803,"Unintentional","Other external causes of accidental injury"
"587",9804,"Unintentional","Other external causes of accidental injury"
"588",9805,"Unintentional","Other external causes of accidental injury"
"589",9806,"Unintentional","Other external causes of accidental injury"
"590",9807,"Unintentional","Other external causes of accidental injury"
"591",9808,"Unintentional","Other external causes of accidental injury"
"592",9809,"Unintentional","Other external causes of accidental injury"
"593",9818,"Unintentional","Other external causes of accidental injury"
"594",9820,"Unintentional","Other external causes of accidental injury"
"595",9821,"Unintentional","Other external causes of accidental injury"
"596",9828,"Unintentional","Other external causes of accidental injury"
"597",9830,"Unintentional","Other external causes of accidental injury"
"598",9831,"Unintentional","Other external causes of accidental injury"
"599",9838,"Unintentional","Other external causes of accidental injury"
"600",9839,"Unintentional","Other external causes of accidental injury"
"601",9840,"Unintentional","Other external causes of accidental injury"
"602",9850,"Unintentional","Other external causes of accidental injury"
"603",9851,"Unintentional","Other external causes of accidental injury"
"604",9852,"Unintentional","Other external causes of accidental injury"
"605",9854,"Unintentional","Other external causes of accidental injury"
"606",9855,"Unintentional","Other external causes of accidental injury"
"607",9860,"Unintentional","Other external causes of accidental injury"
"608",9870,"Unintentional","Other external causes of accidental injury"
"609",9871,"Unintentional","Other external causes of accidental injury"
"610",9872,"Unintentional","Other external causes of accidental injury"
"611",9879,"Unintentional","Other external causes of accidental injury"
"612",9880,"Unintentional","Other external causes of accidental injury"
"613",9881,"Unintentional","Other external causes of accidental injury"
"614",9882,"Unintentional","Other external causes of accidental injury"
"615",9883,"Unintentional","Other external causes of accidental injury"
"616",9884,"Unintentional","Other external causes of accidental injury"
"617",9885,"Unintentional","Other external causes of accidental injury"
"618",9886,"Unintentional","Other external causes of accidental injury"
"619",9888,"Unintentional","Other external causes of accidental injury"
"620",9889,"Unintentional","Other external causes of accidental injury"
"621",9890,"Unintentional","Other external causes of accidental injury"
"1144",9587,"Intentional","Intentional self-harm"
"1153",9629,"Intentional","Assault"
"1176",9730,"Intentional","Legal intervention and operations of war"
"1179",9780,"Intentional","Legal intervention and operations of war"
"625",8001,"Unintentional","Transport accidents"
"626",8009,"Unintentional","Transport accidents"
"632",8042,"Unintentional","Transport accidents"
"640",8061,"Unintentional","Transport accidents"
"643",8072,"Unintentional","Transport accidents"
"661",8131,"Unintentional","Transport accidents"
"663",8133,"Unintentional","Transport accidents"
"672",8146,"Unintentional","Transport accidents"
"679",8155,"Unintentional","Transport accidents"
"690",8177,"Unintentional","Transport accidents"
"691",8178,"Unintentional","Transport accidents"
"697",8184,"Unintentional","Transport accidents"
"698",8186,"Unintentional","Transport accidents"
"706",8198,"Unintentional","Transport accidents"
"730",8238,"Unintentional","Transport accidents"
"733",8243,"Unintentional","Transport accidents"
"734",8247,"Unintentional","Transport accidents"
"739",8253,"Unintentional","Transport accidents"
"746",8270,"Unintentional","Transport accidents"
"750",8293,"Unintentional","Transport accidents"
"760",8313,"Unintentional","Transport accidents"
"761",8314,"Unintentional","Transport accidents"
"767",8324,"Unintentional","Transport accidents"
"768",8328,"Unintentional","Transport accidents"
"770",8332,"Unintentional","Transport accidents"
"771",8339,"Unintentional","Transport accidents"
"774",8351,"Unintentional","Transport accidents"
"777",8359,"Unintentional","Transport accidents"
"782",8379,"Unintentional","Transport accidents"
"786",8383,"Unintentional","Transport accidents"
"804",8435,"Unintentional","Transport accidents"
"806",8439,"Unintentional","Transport accidents"
"807",8441,"Unintentional","Transport accidents"
"809",8445,"Unintentional","Transport accidents"
"829",8531,"Unintentional","Other external causes of accidental injury"
"839",8553,"Unintentional","Other external causes of accidental injury"
"842",8559,"Unintentional","Other external causes of accidental injury"
"865",8620,"Unintentional","Other external causes of accidental injury"
"872",8637,"Unintentional","Other external causes of accidental injury"
"884",8666,"Unintentional","Other external causes of accidental injury"
"907",8715,"Unintentional","Complications of medical and surgical care"
"908",8722,"Unintentional","Complications of medical and surgical care"
"909",8730,"Unintentional","Complications of medical and surgical care"
"911",8735,"Unintentional","Complications of medical and surgical care"
"912",8736,"Unintentional","Complications of medical and surgical care"
"917",8750,"Unintentional","Complications of medical and surgical care"
"919",8762,"Unintentional","Complications of medical and surgical care"
"934",8793,"Unintentional","Complications of medical and surgical care"
"986",9021,"Unintentional","Other external causes of accidental injury"
"992",9042,"Unintentional","Other external causes of accidental injury"
"1045",9219,"Unintentional","Other external causes of accidental injury"
"1063",9269,"Unintentional","Other external causes of accidental injury"
"1077",9321,"Unintentional","Complications of medical and surgical care"
"1084",9358,"Unintentional","Complications of medical and surgical care"
"1087",9381,"Unintentional","Complications of medical and surgical care"
"1088",9383,"Unintentional","Complications of medical and surgical care"
"1090",9386,"Unintentional","Complications of medical and surgical care"
"1091",9387,"Unintentional","Complications of medical and surgical care"
"1094",9392,"Unintentional","Complications of medical and surgical care"
"1095",9413,"Unintentional","Complications of medical and surgical care"
"1097",9443,"Unintentional","Complications of medical and surgical care"
"1099",9455,"Unintentional","Complications of medical and surgical care"
"1100",9460,"Unintentional","Complications of medical and surgical care"
"1104",9480,"Unintentional","Complications of medical and surgical care"
"1190",9810,"Unintentional","Other external causes of accidental injury"
"1191",9811,"Unintentional","Other external causes of accidental injury"
"1222",8018,"Unintentional","Transport accidents"
"1223",8021,"Unintentional","Transport accidents"
"1224",8029,"Unintentional","Transport accidents"
"1225",8031,"Unintentional","Transport accidents"
"1230",8051,"Unintentional","Transport accidents"
"1238",8071,"Unintentional","Transport accidents"
"1247",8108,"Unintentional","Transport accidents"
"1255",8126,"Unintentional","Transport accidents"
"1287",8170,"Unintentional","Transport accidents"
"1356",8323,"Unintentional","Transport accidents"
"1362",8341,"Unintentional","Transport accidents"
"1368",8363,"Unintentional","Transport accidents"
"1369",8371,"Unintentional","Transport accidents"
"1393",8417,"Unintentional","Transport accidents"
"1398",8433,"Unintentional","Transport accidents"
"1412",8509,"Unintentional","Other external causes of accidental injury"
"1425",8543,"Unintentional","Other external causes of accidental injury"
"1455",8622,"Unintentional","Other external causes of accidental injury"
"1484",8691,"Unintentional","Other external causes of accidental injury"
"1492",8703,"Unintentional","Complications of medical and surgical care"
"1505",8744,"Unintentional","Complications of medical and surgical care"
"1506",8745,"Unintentional","Complications of medical and surgical care"
"1548",8901,"Unintentional","Other external causes of accidental injury"
"1589",9058,"Unintentional","Other external causes of accidental injury"
"1613",9140,"Unintentional","Other external causes of accidental injury"
"1659",9281,"Unintentional","Other external causes of accidental injury"
"1671",9304,"Unintentional","Complications of medical and surgical care"
"1673",9310,"Unintentional","Complications of medical and surgical care"
"1674",9319,"Unintentional","Complications of medical and surgical care"
"1679",9346,"Unintentional","Complications of medical and surgical care"
"1686",9364,"Unintentional","Complications of medical and surgical care"
"1687",9371,"Unintentional","Complications of medical and surgical care"
"1695",9393,"Unintentional","Complications of medical and surgical care"
"1698",9426,"Unintentional","Complications of medical and surgical care"
"1699",9434,"Unintentional","Complications of medical and surgical care"
"1701",9467,"Unintentional","Complications of medical and surgical care"
"2397",9657,"Intentional","Assault"
"2454",9930,"Intentional","Legal intervention and operations of war"
"1817",8010,"Unintentional","Transport accidents"
"1818",8012,"Unintentional","Transport accidents"
"1843",8104,"Unintentional","Transport accidents"
"1902",8196,"Unintentional","Transport accidents"
"1912",8213,"Unintentional","Transport accidents"
"1913",8216,"Unintentional","Transport accidents"
"1929",8240,"Unintentional","Transport accidents"
"1936",8256,"Unintentional","Transport accidents"
"1942",8263,"Unintentional","Transport accidents"
"1973",8343,"Unintentional","Transport accidents"
"1976",8350,"Unintentional","Transport accidents"
"1996",8408,"Unintentional","Transport accidents"
"2007",8429,"Unintentional","Transport accidents"
"2018",8452,"Unintentional","Transport accidents"
"2020",8470,"Unintentional","Transport accidents"
"2079",8632,"Unintentional","Other external causes of accidental injury"
"2120",8716,"Unintentional","Complications of medical and surgical care"
"2121",8720,"Unintentional","Complications of medical and surgical care"
"2122",8721,"Unintentional","Complications of medical and surgical care"
"2123",8729,"Unintentional","Complications of medical and surgical care"
"2132",8758,"Unintentional","Complications of medical and surgical care"
"2214",9052,"Unintentional","Other external causes of accidental injury"
"2218",9061,"Unintentional","Other external causes of accidental injury"
"2271",9223,"Unintentional","Other external causes of accidental injury"
"2299",9303,"Unintentional","Complications of medical and surgical care"
"2301",9306,"Unintentional","Complications of medical and surgical care"
"2302",9307,"Unintentional","Complications of medical and surgical care"
"2305",9320,"Unintentional","Complications of medical and surgical care"
"2315",9359,"Unintentional","Complications of medical and surgical care"
"2318",9375,"Unintentional","Complications of medical and surgical care"
"2325",9395,"Unintentional","Complications of medical and surgical care"
"2330",9444,"Unintentional","Complications of medical and surgical care"
"2332",9452,"Unintentional","Complications of medical and surgical care"
"2338",9481,"Unintentional","Complications of medical and surgical care"
"2339",9484,"Unintentional","Complications of medical and surgical care"
"2340",9486,"Unintentional","Complications of medical and surgical care"
"2428",9829,"Unintentional","Other external causes of accidental injury"
"2450",9887,"Unintentional","Other external causes of accidental injury"
"3053",9740,"Intentional","Legal intervention and operations of war"
"3098",9950,"Intentional","Legal intervention and operations of war"
"2544",8202,"Unintentional","Transport accidents"
"2583",8268,"Unintentional","Transport accidents"
"2586",8281,"Unintentional","Transport accidents"
"2605",8325,"Unintentional","Transport accidents"
"2616",8354,"Unintentional","Transport accidents"
"2620",8369,"Unintentional","Transport accidents"
"2645",8421,"Unintentional","Transport accidents"
"2646",8425,"Unintentional","Transport accidents"
"2650",8432,"Unintentional","Transport accidents"
"2658",8450,"Unintentional","Transport accidents"
"2731",8658,"Unintentional","Other external causes of accidental injury"
"2733",8661,"Unintentional","Other external causes of accidental injury"
"2761",8718,"Unintentional","Complications of medical and surgical care"
"2842",9030,"Unintentional","Other external causes of accidental injury"
"2916",9249,"Unintentional","Other external causes of accidental injury"
"2923",9282,"Unintentional","Other external causes of accidental injury"
"2941",9322,"Unintentional","Complications of medical and surgical care"
"2945",9343,"Unintentional","Complications of medical and surgical care"
"2948",9349,"Unintentional","Complications of medical and surgical care"
"2956",9382,"Unintentional","Complications of medical and surgical care"
"2960",9394,"Unintentional","Complications of medical and surgical care"
"2961",9397,"Unintentional","Complications of medical and surgical care"
"2962",9410,"Unintentional","Complications of medical and surgical care"
"2968",9430,"Unintentional","Complications of medical and surgical care"
"2972",9463,"Unintentional","Complications of medical and surgical care"
"2973",9464,"Unintentional","Complications of medical and surgical care"
"2977",9491,"Unintentional","Complications of medical and surgical care"
"2978",9499,"Unintentional","Complications of medical and surgical care"
"3718",9912,"Intentional","Legal intervention and operations of war"
"3148",8144,"Unintentional","Transport accidents"
"3156",8156,"Unintentional","Transport accidents"
"3169",8174,"Unintentional","Transport accidents"
"3223",8272,"Unintentional","Transport accidents"
"3236",8305,"Unintentional","Transport accidents"
"3254",8361,"Unintentional","Transport accidents"
"3442",8911,"Unintentional","Other external causes of accidental injury"
"3467",9020,"Unintentional","Other external causes of accidental injury"
"3479",9059,"Unintentional","Other external causes of accidental injury"
"3514",9195,"Unintentional","Other external causes of accidental injury"
"3574",9347,"Unintentional","Complications of medical and surgical care"
"3580",9360,"Unintentional","Complications of medical and surgical care"
"3591",9409,"Unintentional","Complications of medical and surgical care"
"3595",9458,"Unintentional","Complications of medical and surgical care"
"3598",9470,"Unintentional","Complications of medical and surgical care"
"3602",9488,"Unintentional","Complications of medical and surgical care"
"3723",8011,"Unintentional","Transport accidents"
"3791",8166,"Unintentional","Transport accidents"
"3796",8173,"Unintentional","Transport accidents"
"3861",8283,"Unintentional","Transport accidents"
"3917",8440,"Unintentional","Transport accidents"
"3955",8556,"Unintentional","Other external causes of accidental injury"
"4038",8764,"Unintentional","Complications of medical and surgical care"
"4207",9327,"Unintentional","Complications of medical and surgical care"
"4227",9408,"Unintentional","Complications of medical and surgical care"
"4233",9442,"Unintentional","Complications of medical and surgical care"
"4981",9960,"Intentional","Legal intervention and operations of war"
"4357",8002,"Unintentional","Transport accidents"
"4408",8148,"Unintentional","Transport accidents"
"4500",8344,"Unintentional","Transport accidents"
"4542",8444,"Unintentional","Transport accidents"
"4599",8615,"Unintentional","Other external causes of accidental injury"
"4652",8731,"Unintentional","Complications of medical and surgical care"
"4657",8749,"Unintentional","Complications of medical and surgical care"
"4680",8797,"Unintentional","Complications of medical and surgical care"
"4852",9398,"Unintentional","Complications of medical and surgical care"
"4853",9399,"Unintentional","Complications of medical and surgical care"
"4858",9454,"Unintentional","Complications of medical and surgical care"
"4865",9496,"Unintentional","Complications of medical and surgical care"
"5552",9656,"Intentional","Assault"
"5611",9979,"Intentional","Legal intervention and operations of war"
"5074",8203,"Unintentional","Transport accidents"
"5114",8294,"Unintentional","Transport accidents"
"5136",8330,"Unintentional","Transport accidents"
"5144",8356,"Unintentional","Transport accidents"
"5164",8410,"Unintentional","Transport accidents"
"5361",9028,"Unintentional","Other external causes of accidental injury"
"5371",9056,"Unintentional","Other external causes of accidental injury"
"5444",9280,"Unintentional","Other external causes of accidental injury"
"5473",9380,"Unintentional","Complications of medical and surgical care"
"5483",9401,"Unintentional","Complications of medical and surgical care"
"5491",9466,"Unintentional","Complications of medical and surgical care"
"5492",9471,"Unintentional","Complications of medical and surgical care"
"5495",9485,"Unintentional","Complications of medical and surgical care"
"6262",9970,"Intentional","Legal intervention and operations of war"
"5614",8008,"Unintentional","Transport accidents"
"5621",8022,"Unintentional","Transport accidents"
"5637",8063,"Unintentional","Transport accidents"
"5681",8154,"Unintentional","Transport accidents"
"5727",8225,"Unintentional","Transport accidents"
"5739",8242,"Unintentional","Transport accidents"
"5754",8278,"Unintentional","Transport accidents"
"5756",8280,"Unintentional","Transport accidents"
"5759",8288,"Unintentional","Transport accidents"
"5767",8304,"Unintentional","Transport accidents"
"5783",8333,"Unintentional","Transport accidents"
"5821",8446,"Unintentional","Transport accidents"
"5825",8453,"Unintentional","Transport accidents"
"5935",8751,"Unintentional","Complications of medical and surgical care"
"6105",9324,"Unintentional","Complications of medical and surgical care"
"6108",9334,"Unintentional","Complications of medical and surgical care"
"6116",9353,"Unintentional","Complications of medical and surgical care"
"6128",9429,"Unintentional","Complications of medical and surgical care"
"6129",9433,"Unintentional","Complications of medical and surgical care"
"6132",9457,"Unintentional","Complications of medical and surgical care"
"6135",9469,"Unintentional","Complications of medical and surgical care"
"6243",9853,"Unintentional","Other external causes of accidental injury"
"6866",9710,"Intentional","Legal intervention and operations of war"
"6272",8030,"Unintentional","Transport accidents"
"6289",8078,"Unintentional","Transport accidents"
"6334",8164,"Unintentional","Transport accidents"
"6386",8246,"Unintentional","Transport accidents"
"6392",8254,"Unintentional","Transport accidents"
"6427",8340,"Unintentional","Transport accidents"
"6433",8358,"Unintentional","Transport accidents"
"6437",8368,"Unintentional","Transport accidents"
"6456",8406,"Unintentional","Transport accidents"
"6574",8717,"Unintentional","Complications of medical and surgical care"
"6576",8725,"Unintentional","Complications of medical and surgical care"
"6578",8733,"Unintentional","Complications of medical and surgical care"
"6664",9054,"Unintentional","Other external causes of accidental injury"
"6668",9062,"Unintentional","Other external causes of accidental injury"
"6757",9328,"Unintentional","Complications of medical and surgical care"
"6787",9456,"Unintentional","Complications of medical and surgical care"
"7037",8262,"Unintentional","Transport accidents"
"7065",8331,"Unintentional","Transport accidents"
"7078",8370,"Unintentional","Transport accidents"
"7100",8416,"Unintentional","Transport accidents"
"7180",8650,"Unintentional","Other external causes of accidental injury"
"7339",9171,"Unintentional","Other external causes of accidental injury"
"7397",9301,"Unintentional","Complications of medical and surgical care"
"7398",9302,"Unintentional","Complications of medical and surgical care"
"7403",9312,"Unintentional","Complications of medical and surgical care"
"7432",9489,"Unintentional","Complications of medical and surgical care"
"8170",9909,"Intentional","Legal intervention and operations of war"
"7586",8124,"Unintentional","Transport accidents"
"7587",8125,"Unintentional","Transport accidents"
"7732",8434,"Unintentional","Transport accidents"
"7836",8711,"Unintentional","Complications of medical and surgical care"
"8024",9341,"Unintentional","Complications of medical and surgical care"
"8043",9422,"Unintentional","Complications of medical and surgical care"
"8048",9468,"Unintentional","Complications of medical and surgical care"
"8286",8236,"Unintentional","Transport accidents"
"8468",8712,"Unintentional","Complications of medical and surgical care"
"8471",8726,"Unintentional","Complications of medical and surgical care"
"8690",9446,"Unintentional","Complications of medical and surgical care"
"8693",9474,"Unintentional","Complications of medical and surgical care"
"8836",8105,"Unintentional","Transport accidents"
"8940",8284,"Unintentional","Transport accidents"
"9109",8743,"Unintentional","Complications of medical and surgical care"
"9290",9332,"Unintentional","Complications of medical and surgical care"
"9308",9396,"Unintentional","Complications of medical and surgical care"
"9441",8003,"Unintentional","Transport accidents"
"9577",8316,"Unintentional","Transport accidents"
"9590",8360,"Unintentional","Transport accidents"
"9607",8400,"Unintentional","Transport accidents"
"9620",8423,"Unintentional","Transport accidents"
"9741",8752,"Unintentional","Complications of medical and surgical care"
"9938",9419,"Unintentional","Complications of medical and surgical care"
"10212",8355,"Unintentional","Transport accidents"
"10244",8438,"Unintentional","Transport accidents"
"10348",8714,"Unintentional","Complications of medical and surgical care"
"10559",9411,"Unintentional","Complications of medical and surgical care"
"10564",9445,"Unintentional","Complications of medical and surgical care"
"10857",8420,"Unintentional","Transport accidents"
"11144",9317,"Unintentional","Complications of medical and surgical care"
"11174",9428,"Unintentional","Complications of medical and surgical care"
"11181",9494,"Unintentional","Complications of medical and surgical care"
"11678",9057,"Unintentional","Other external causes of accidental injury"
"11793",9400,"Unintentional","Complications of medical and surgical care"
