"","age","sex","month","mean","2.5%","97.5%","var"
"1","25-34","Men","Jan",0.096,-0.339,0.528,1
"2","25-34","Men","Feb",0.293,-0.161,0.746,1
"3","25-34","Men","Mar",0.535,0.02,1.048,1
"4","25-34","Men","Apr",1.083,0.498,1.685,1
"5","25-34","Men","May",1.255,0.653,1.868,1
"6","25-34","Men","Jun",1.346,0.674,2.033,1
"7","25-34","Men","Jul",1.646,0.899,2.447,1
"8","25-34","Men","Aug",0.943,0.224,1.67,1
"9","25-34","Men","Sep",0.603,-0.08,1.289,1
"10","25-34","Men","Oct",0.154,-0.47,0.758,1
"11","25-34","Men","Nov",0.356,-0.17,0.889,1
"12","25-34","Men","Dec",0.019,-0.425,0.46,1
"13","35-44","Men","Jan",0.068,-0.329,0.472,1
"14","35-44","Men","Feb",-0.269,-0.689,0.144,1
"15","35-44","Men","Mar",0.005,-0.466,0.479,1
"16","35-44","Men","Apr",0.359,-0.192,0.932,1
"17","35-44","Men","May",-0.019,-0.597,0.546,1
"18","35-44","Men","Jun",0.337,-0.302,0.972,1
"19","35-44","Men","Jul",1.164,0.433,1.95,1
"20","35-44","Men","Aug",0.724,0.033,1.441,1
"21","35-44","Men","Sep",0.382,-0.265,1.043,1
"22","35-44","Men","Oct",-0.085,-0.669,0.483,1
"23","35-44","Men","Nov",-0.03,-0.515,0.456,1
"24","35-44","Men","Dec",-0.314,-0.721,0.089,1
"25","45-54","Men","Jan",-0.605,-0.894,-0.318,1
"26","45-54","Men","Feb",-0.343,-0.639,-0.045,1
"27","45-54","Men","Mar",-0.084,-0.422,0.257,1
"28","45-54","Men","Apr",-0.067,-0.471,0.333,1
"29","45-54","Men","May",0.227,-0.19,0.642,1
"30","45-54","Men","Jun",0.813,0.333,1.307,1
"31","45-54","Men","Jul",0.998,0.469,1.545,1
"32","45-54","Men","Aug",0.536,0.015,1.067,1
"33","45-54","Men","Sep",0.058,-0.427,0.54,1
"34","45-54","Men","Oct",-0.198,-0.619,0.224,1
"35","45-54","Men","Nov",-0.447,-0.803,-0.09,1
"36","45-54","Men","Dec",-0.618,-0.914,-0.326,1
"37","55-64","Men","Jan",-0.607,-0.817,-0.397,1
"38","55-64","Men","Feb",-0.469,-0.684,-0.255,1
"39","55-64","Men","Mar",-0.372,-0.622,-0.124,1
"40","55-64","Men","Apr",-0.254,-0.549,0.04,1
"41","55-64","Men","May",0.112,-0.19,0.418,1
"42","55-64","Men","Jun",0.223,-0.125,0.574,1
"43","55-64","Men","Jul",0.509,0.117,0.911,1
"44","55-64","Men","Aug",0.139,-0.251,0.532,1
"45","55-64","Men","Sep",-0.162,-0.519,0.192,1
"46","55-64","Men","Oct",-0.257,-0.564,0.05,1
"47","55-64","Men","Nov",-0.318,-0.581,-0.053,1
"48","55-64","Men","Dec",-0.572,-0.785,-0.359,1
"49","65-74","Men","Jan",-0.613,-0.8,-0.428,1
"50","65-74","Men","Feb",-0.457,-0.645,-0.268,1
"51","65-74","Men","Mar",-0.421,-0.643,-0.199,1
"52","65-74","Men","Apr",-0.592,-0.857,-0.329,1
"53","65-74","Men","May",-0.066,-0.333,0.202,1
"54","65-74","Men","Jun",0.189,-0.123,0.504,1
"55","65-74","Men","Jul",0.284,-0.062,0.636,1
"56","65-74","Men","Aug",-0.09,-0.441,0.262,1
"57","65-74","Men","Sep",-0.446,-0.764,-0.13,1
"58","65-74","Men","Oct",-0.52,-0.794,-0.247,1
"59","65-74","Men","Nov",-0.458,-0.69,-0.225,1
"60","65-74","Men","Dec",-0.55,-0.741,-0.361,1
"61","75-84","Men","Jan",-0.61,-0.794,-0.426,1
"62","75-84","Men","Feb",-0.404,-0.589,-0.219,1
"63","75-84","Men","Mar",-0.369,-0.585,-0.15,1
"64","75-84","Men","Apr",-0.543,-0.803,-0.288,1
"65","75-84","Men","May",-0.204,-0.467,0.06,1
"66","75-84","Men","Jun",-0.063,-0.369,0.243,1
"67","75-84","Men","Jul",0.274,-0.068,0.626,1
"68","75-84","Men","Aug",-0.144,-0.494,0.204,1
"69","75-84","Men","Sep",-0.328,-0.636,-0.022,1
"70","75-84","Men","Oct",-0.433,-0.703,-0.163,1
"71","75-84","Men","Nov",-0.529,-0.758,-0.301,1
"72","75-84","Men","Dec",-0.523,-0.712,-0.335,1
"73","85+","Men","Jan",-0.707,-0.95,-0.465,1
"74","85+","Men","Feb",-0.444,-0.686,-0.199,1
"75","85+","Men","Mar",-0.752,-1.035,-0.469,1
"76","85+","Men","Apr",-0.467,-0.807,-0.125,1
"77","85+","Men","May",-0.683,-1.038,-0.334,1
"78","85+","Men","Jun",-0.164,-0.567,0.242,1
"79","85+","Men","Jul",0.286,-0.163,0.748,1
"80","85+","Men","Aug",-0.09,-0.546,0.37,1
"81","85+","Men","Sep",-0.402,-0.806,0.005,1
"82","85+","Men","Oct",-0.962,-1.341,-0.59,1
"83","85+","Men","Nov",-0.53,-0.83,-0.229,1
"84","85+","Men","Dec",-0.505,-0.75,-0.258,1
"85","25-34","Women","Jan",-0.113,-0.642,0.429,1
"86","25-34","Women","Feb",-0.548,-1.121,0.006,1
"87","25-34","Women","Mar",-0.37,-0.985,0.241,1
"88","25-34","Women","Apr",-0.282,-0.984,0.408,1
"89","25-34","Women","May",0.096,-0.618,0.832,1
"90","25-34","Women","Jun",0.26,-0.523,1.079,1
"91","25-34","Women","Jul",0.348,-0.478,1.225,1
"92","25-34","Women","Aug",0.114,-0.72,0.962,1
"93","25-34","Women","Sep",0.15,-0.648,0.984,1
"94","25-34","Women","Oct",-0.071,-0.785,0.654,1
"95","25-34","Women","Nov",-0.374,-1.024,0.256,1
"96","25-34","Women","Dec",-0.166,-0.698,0.371,1
"97","35-44","Women","Jan",-0.333,-0.76,0.092,1
"98","35-44","Women","Feb",0.003,-0.44,0.457,1
"99","35-44","Women","Mar",0.003,-0.492,0.505,1
"100","35-44","Women","Apr",-0.167,-0.748,0.402,1
"101","35-44","Women","May",-0.013,-0.601,0.574,1
"102","35-44","Women","Jun",0.311,-0.344,0.992,1
"103","35-44","Women","Jul",0.545,-0.168,1.316,1
"104","35-44","Women","Aug",0.141,-0.568,0.862,1
"105","35-44","Women","Sep",-0.241,-0.932,0.424,1
"106","35-44","Women","Oct",-0.217,-0.811,0.376,1
"107","35-44","Women","Nov",-0.261,-0.773,0.253,1
"108","35-44","Women","Dec",-0.431,-0.867,0,1
"109","45-54","Women","Jan",-0.236,-0.553,0.084,1
"110","45-54","Women","Feb",-0.368,-0.694,-0.041,1
"111","45-54","Women","Mar",-0.453,-0.823,-0.086,1
"112","45-54","Women","Apr",-0.479,-0.928,-0.041,1
"113","45-54","Women","May",0.189,-0.262,0.652,1
"114","45-54","Women","Jun",0.259,-0.25,0.781,1
"115","45-54","Women","Jul",0.367,-0.184,0.941,1
"116","45-54","Women","Aug",-0.033,-0.596,0.533,1
"117","45-54","Women","Sep",-0.321,-0.843,0.195,1
"118","45-54","Women","Oct",-0.456,-0.916,-0.003,1
"119","45-54","Women","Nov",-0.341,-0.731,0.052,1
"120","45-54","Women","Dec",-0.528,-0.856,-0.206,1
"121","55-64","Women","Jan",-0.194,-0.447,0.061,1
"122","55-64","Women","Feb",-0.196,-0.456,0.067,1
"123","55-64","Women","Mar",-0.371,-0.667,-0.079,1
"124","55-64","Women","Apr",-0.334,-0.683,0.011,1
"125","55-64","Women","May",-0.14,-0.495,0.214,1
"126","55-64","Women","Jun",0.053,-0.354,0.461,1
"127","55-64","Women","Jul",0.317,-0.13,0.778,1
"128","55-64","Women","Aug",0.091,-0.366,0.55,1
"129","55-64","Women","Sep",0.075,-0.339,0.499,1
"130","55-64","Women","Oct",-0.305,-0.671,0.054,1
"131","55-64","Women","Nov",-0.199,-0.514,0.117,1
"132","55-64","Women","Dec",-0.503,-0.761,-0.248,1
"133","65-74","Women","Jan",-0.289,-0.5,-0.078,1
"134","65-74","Women","Feb",-0.216,-0.428,-0.003,1
"135","65-74","Women","Mar",-0.154,-0.403,0.097,1
"136","65-74","Women","Apr",-0.418,-0.716,-0.124,1
"137","65-74","Women","May",-0.181,-0.479,0.117,1
"138","65-74","Women","Jun",0.13,-0.219,0.48,1
"139","65-74","Women","Jul",0.602,0.189,1.023,1
"140","65-74","Women","Aug",0.133,-0.261,0.53,1
"141","65-74","Women","Sep",-0.325,-0.683,0.028,1
"142","65-74","Women","Oct",-0.525,-0.835,-0.217,1
"143","65-74","Women","Nov",-0.472,-0.736,-0.211,1
"144","65-74","Women","Dec",-0.207,-0.421,0.008,1
"145","75-84","Women","Jan",-0.565,-0.753,-0.377,1
"146","75-84","Women","Feb",-0.403,-0.593,-0.213,1
"147","75-84","Women","Mar",-0.349,-0.573,-0.126,1
"148","75-84","Women","Apr",-0.368,-0.632,-0.106,1
"149","75-84","Women","May",-0.186,-0.456,0.084,1
"150","75-84","Women","Jun",-0.03,-0.346,0.283,1
"151","75-84","Women","Jul",0.531,0.169,0.901,1
"152","75-84","Women","Aug",0.307,-0.052,0.672,1
"153","75-84","Women","Sep",-0.139,-0.458,0.178,1
"154","75-84","Women","Oct",-0.427,-0.711,-0.144,1
"155","75-84","Women","Nov",-0.309,-0.544,-0.073,1
"156","75-84","Women","Dec",-0.418,-0.61,-0.226,1
"157","85+","Women","Jan",-0.735,-0.946,-0.523,1
"158","85+","Women","Feb",-0.396,-0.604,-0.186,1
"159","85+","Women","Mar",-0.599,-0.842,-0.357,1
"160","85+","Women","Apr",-0.419,-0.709,-0.128,1
"161","85+","Women","May",-0.559,-0.862,-0.259,1
"162","85+","Women","Jun",-0.079,-0.425,0.268,1
"163","85+","Women","Jul",0.507,0.114,0.904,1
"164","85+","Women","Aug",0.329,-0.078,0.745,1
"165","85+","Women","Sep",-0.528,-0.879,-0.181,1
"166","85+","Women","Oct",-0.85,-1.163,-0.54,1
"167","85+","Women","Nov",-0.605,-0.864,-0.345,1
"168","85+","Women","Dec",-0.591,-0.805,-0.378,1
"169","25-34","Men","Jan",-0.474,-1.598,0.622,2
"170","25-34","Men","Feb",-0.362,-1.465,0.741,2
"171","25-34","Men","Mar",-0.259,-1.367,0.868,2
"172","25-34","Men","Apr",-0.056,-1.176,1.148,2
"173","25-34","Men","May",0.032,-1.065,1.242,2
"174","25-34","Men","Jun",-0.446,-1.596,0.671,2
"175","25-34","Men","Jul",-0.67,-1.86,0.435,2
"176","25-34","Men","Aug",-0.56,-1.67,0.527,2
"177","25-34","Men","Sep",-0.566,-1.66,0.505,2
"178","25-34","Men","Oct",-0.451,-1.523,0.642,2
"179","25-34","Men","Nov",-0.69,-1.819,0.363,2
"180","25-34","Men","Dec",-0.128,-1.213,1.075,2
"181","35-44","Men","Jan",-0.525,-1.512,0.5,2
"182","35-44","Men","Feb",-0.584,-1.579,0.425,2
"183","35-44","Men","Mar",-0.537,-1.534,0.499,2
"184","35-44","Men","Apr",-0.655,-1.686,0.383,2
"185","35-44","Men","May",-0.737,-1.75,0.264,2
"186","35-44","Men","Jun",-0.956,-2.069,0.056,2
"187","35-44","Men","Jul",-0.566,-1.587,0.505,2
"188","35-44","Men","Aug",-0.415,-1.41,0.675,2
"189","35-44","Men","Sep",-0.679,-1.677,0.314,2
"190","35-44","Men","Oct",-0.727,-1.72,0.253,2
"191","35-44","Men","Nov",-0.872,-1.899,0.088,2
"192","35-44","Men","Dec",-0.514,-1.499,0.525,2
"193","45-54","Men","Jan",-0.155,-0.978,0.626,2
"194","45-54","Men","Feb",0.386,-0.397,1.213,2
"195","45-54","Men","Mar",0.514,-0.284,1.35,2
"196","45-54","Men","Apr",0.555,-0.278,1.415,2
"197","45-54","Men","May",0.828,0.01,1.726,2
"198","45-54","Men","Jun",0.379,-0.457,1.232,2
"199","45-54","Men","Jul",0.05,-0.81,0.89,2
"200","45-54","Men","Aug",-0.092,-0.92,0.723,2
"201","45-54","Men","Sep",-0.348,-1.199,0.449,2
"202","45-54","Men","Oct",-0.179,-0.968,0.601,2
"203","45-54","Men","Nov",-0.041,-0.808,0.748,2
"204","45-54","Men","Dec",-0.39,-1.249,0.401,2
"205","55-64","Men","Jan",0.241,-0.336,0.815,2
"206","55-64","Men","Feb",0.296,-0.276,0.877,2
"207","55-64","Men","Mar",0.179,-0.424,0.766,2
"208","55-64","Men","Apr",0.389,-0.229,1.03,2
"209","55-64","Men","May",0.411,-0.179,1.025,2
"210","55-64","Men","Jun",0.224,-0.391,0.851,2
"211","55-64","Men","Jul",-0.102,-0.744,0.514,2
"212","55-64","Men","Aug",-0.099,-0.71,0.502,2
"213","55-64","Men","Sep",-0.185,-0.798,0.403,2
"214","55-64","Men","Oct",-0.023,-0.608,0.547,2
"215","55-64","Men","Nov",0.367,-0.195,0.957,2
"216","55-64","Men","Dec",0.315,-0.256,0.898,2
"217","65-74","Men","Jan",-0.171,-0.703,0.342,2
"218","65-74","Men","Feb",0.316,-0.202,0.857,2
"219","65-74","Men","Mar",0.367,-0.162,0.911,2
"220","65-74","Men","Apr",0.337,-0.224,0.912,2
"221","65-74","Men","May",0.269,-0.26,0.807,2
"222","65-74","Men","Jun",0.117,-0.441,0.676,2
"223","65-74","Men","Jul",0.001,-0.559,0.561,2
"224","65-74","Men","Aug",-0.158,-0.712,0.386,2
"225","65-74","Men","Sep",-0.122,-0.654,0.414,2
"226","65-74","Men","Oct",-0.306,-0.84,0.207,2
"227","65-74","Men","Nov",0.023,-0.48,0.55,2
"228","65-74","Men","Dec",-0.319,-0.861,0.196,2
"229","75-84","Men","Jan",0.481,-0.03,1.012,2
"230","75-84","Men","Feb",0.608,0.09,1.146,2
"231","75-84","Men","Mar",0.649,0.113,1.218,2
"232","75-84","Men","Apr",0.066,-0.515,0.626,2
"233","75-84","Men","May",-0.194,-0.754,0.339,2
"234","75-84","Men","Jun",0.206,-0.352,0.785,2
"235","75-84","Men","Jul",0.118,-0.443,0.688,2
"236","75-84","Men","Aug",0.091,-0.459,0.65,2
"237","75-84","Men","Sep",-0.135,-0.686,0.401,2
"238","75-84","Men","Oct",-0.07,-0.586,0.443,2
"239","75-84","Men","Nov",-0.055,-0.565,0.45,2
"240","75-84","Men","Dec",-0.034,-0.569,0.48,2
"241","85+","Men","Jan",0.968,0.32,1.664,2
"242","85+","Men","Feb",0.761,0.115,1.43,2
"243","85+","Men","Mar",0.6,-0.06,1.288,2
"244","85+","Men","Apr",-0.034,-0.8,0.667,2
"245","85+","Men","May",0.006,-0.678,0.664,2
"246","85+","Men","Jun",0.26,-0.438,0.982,2
"247","85+","Men","Jul",0.186,-0.517,0.899,2
"248","85+","Men","Aug",0.008,-0.704,0.697,2
"249","85+","Men","Sep",0.09,-0.598,0.767,2
"250","85+","Men","Oct",0.128,-0.53,0.771,2
"251","85+","Men","Nov",0.241,-0.416,0.876,2
"252","85+","Men","Dec",0.679,0.038,1.343,2
"253","25-34","Women","Jan",-0.66,-2.018,0.631,2
"254","25-34","Women","Feb",-0.402,-1.703,0.926,2
"255","25-34","Women","Mar",-0.333,-1.644,1.015,2
"256","25-34","Women","Apr",-0.151,-1.472,1.282,2
"257","25-34","Women","May",-0.131,-1.437,1.29,2
"258","25-34","Women","Jun",-0.362,-1.692,1.006,2
"259","25-34","Women","Jul",-0.714,-2.12,0.602,2
"260","25-34","Women","Aug",-0.578,-1.901,0.728,2
"261","25-34","Women","Sep",-0.574,-1.879,0.719,2
"262","25-34","Women","Oct",-0.616,-1.927,0.666,2
"263","25-34","Women","Nov",-0.467,-1.736,0.828,2
"264","25-34","Women","Dec",-0.535,-1.843,0.766,2
"265","35-44","Women","Jan",-0.227,-1.366,0.955,2
"266","35-44","Women","Feb",0.242,-0.932,1.619,2
"267","35-44","Women","Mar",-0.356,-1.545,0.808,2
"268","35-44","Women","Apr",-0.193,-1.373,1.061,2
"269","35-44","Women","May",-0.292,-1.441,0.916,2
"270","35-44","Women","Jun",-0.428,-1.609,0.815,2
"271","35-44","Women","Jul",-0.727,-1.931,0.477,2
"272","35-44","Women","Aug",-1.225,-2.521,-0.067,2
"273","35-44","Women","Sep",-1.269,-2.561,-0.122,2
"274","35-44","Women","Oct",-0.904,-2.077,0.215,2
"275","35-44","Women","Nov",-0.553,-1.665,0.58,2
"276","35-44","Women","Dec",-0.354,-1.492,0.828,2
"277","45-54","Women","Jan",-0.318,-1.174,0.537,2
"278","45-54","Women","Feb",-0.164,-1.01,0.717,2
"279","45-54","Women","Mar",-0.317,-1.206,0.547,2
"280","45-54","Women","Apr",0.015,-0.881,1.002,2
"281","45-54","Women","May",-0.393,-1.306,0.475,2
"282","45-54","Women","Jun",-0.301,-1.234,0.607,2
"283","45-54","Women","Jul",-0.187,-1.113,0.728,2
"284","45-54","Women","Aug",0.232,-0.655,1.225,2
"285","45-54","Women","Sep",-0.038,-0.907,0.856,2
"286","45-54","Women","Oct",-0.206,-1.063,0.644,2
"287","45-54","Women","Nov",-0.166,-0.996,0.696,2
"288","45-54","Women","Dec",-0.642,-1.597,0.213,2
"289","55-64","Women","Jan",0.09,-0.619,0.806,2
"290","55-64","Women","Feb",0.527,-0.221,1.366,2
"291","55-64","Women","Mar",-0.261,-1.016,0.46,2
"292","55-64","Women","Apr",-0.538,-1.367,0.228,2
"293","55-64","Women","May",-0.367,-1.104,0.359,2
"294","55-64","Women","Jun",-0.424,-1.22,0.333,2
"295","55-64","Women","Jul",-0.203,-0.984,0.56,2
"296","55-64","Women","Aug",0.312,-0.434,1.117,2
"297","55-64","Women","Sep",0.297,-0.431,1.072,2
"298","55-64","Women","Oct",0.038,-0.669,0.756,2
"299","55-64","Women","Nov",-0.368,-1.116,0.329,2
"300","55-64","Women","Dec",-0.036,-0.747,0.678,2
"301","65-74","Women","Jan",0.462,-0.094,1.045,2
"302","65-74","Women","Feb",0.483,-0.075,1.064,2
"303","65-74","Women","Mar",0.297,-0.281,0.87,2
"304","65-74","Women","Apr",0.424,-0.176,1.052,2
"305","65-74","Women","May",0.213,-0.362,0.788,2
"306","65-74","Women","Jun",0.073,-0.534,0.67,2
"307","65-74","Women","Jul",0.141,-0.461,0.762,2
"308","65-74","Women","Aug",-0.112,-0.71,0.475,2
"309","65-74","Women","Sep",-0.223,-0.811,0.348,2
"310","65-74","Women","Oct",-0.23,-0.801,0.323,2
"311","65-74","Women","Nov",-0.08,-0.632,0.464,2
"312","65-74","Women","Dec",0.094,-0.469,0.65,2
"313","75-84","Women","Jan",0.297,-0.196,0.8,2
"314","75-84","Women","Feb",0.308,-0.196,0.813,2
"315","75-84","Women","Mar",0.513,0,1.056,2
"316","75-84","Women","Apr",0.231,-0.32,0.771,2
"317","75-84","Women","May",0.212,-0.302,0.723,2
"318","75-84","Women","Jun",0.242,-0.294,0.787,2
"319","75-84","Women","Jul",0.11,-0.437,0.652,2
"320","75-84","Women","Aug",0.144,-0.388,0.686,2
"321","75-84","Women","Sep",-0.069,-0.609,0.451,2
"322","75-84","Women","Oct",0.07,-0.431,0.571,2
"323","75-84","Women","Nov",0.146,-0.345,0.642,2
"324","75-84","Women","Dec",0.072,-0.437,0.568,2
"325","85+","Women","Jan",1.097,0.476,1.76,2
"326","85+","Women","Feb",0.963,0.35,1.598,2
"327","85+","Women","Mar",0.728,0.103,1.376,2
"328","85+","Women","Apr",-0.082,-0.828,0.607,2
"329","85+","Women","May",0.238,-0.379,0.856,2
"330","85+","Women","Jun",0.412,-0.25,1.113,2
"331","85+","Women","Jul",-0.28,-0.997,0.393,2
"332","85+","Women","Aug",0.31,-0.353,1.017,2
"333","85+","Women","Sep",-0.181,-0.847,0.461,2
"334","85+","Women","Oct",-0.048,-0.657,0.553,2
"335","85+","Women","Nov",0.128,-0.471,0.728,2
"336","85+","Women","Dec",0.071,-0.576,0.682,2
"337","25-34","Men","Jan",-0.14,-1.266,1.056,3
"338","25-34","Men","Feb",-0.477,-1.594,0.646,3
"339","25-34","Men","Mar",-0.65,-1.787,0.487,3
"340","25-34","Men","Apr",-1.013,-2.184,0.092,3
"341","25-34","Men","May",-0.87,-1.976,0.233,3
"342","25-34","Men","Jun",-1.194,-2.362,-0.115,3
"343","25-34","Men","Jul",-0.806,-1.899,0.271,3
"344","25-34","Men","Aug",-0.397,-1.466,0.721,3
"345","25-34","Men","Sep",-0.255,-1.327,0.872,3
"346","25-34","Men","Oct",-0.506,-1.664,0.614,3
"347","25-34","Men","Nov",-0.248,-1.386,0.918,3
"348","25-34","Men","Dec",0.155,-0.996,1.445,3
"349","35-44","Men","Jan",0.055,-0.957,1.08,3
"350","35-44","Men","Feb",0.008,-0.992,1.02,3
"351","35-44","Men","Mar",-0.104,-1.131,0.914,3
"352","35-44","Men","Apr",-0.232,-1.266,0.762,3
"353","35-44","Men","May",-0.34,-1.401,0.641,3
"354","35-44","Men","Jun",-0.165,-1.176,0.803,3
"355","35-44","Men","Jul",0.267,-0.715,1.325,3
"356","35-44","Men","Aug",0.334,-0.642,1.391,3
"357","35-44","Men","Sep",0.085,-0.903,1.07,3
"358","35-44","Men","Oct",0.018,-1.011,1.027,3
"359","35-44","Men","Nov",0.066,-0.963,1.096,3
"360","35-44","Men","Dec",0.22,-0.789,1.298,3
"361","45-54","Men","Jan",0.155,-0.634,0.939,3
"362","45-54","Men","Feb",-0.014,-0.835,0.756,3
"363","45-54","Men","Mar",0.296,-0.495,1.097,3
"364","45-54","Men","Apr",0.491,-0.28,1.297,3
"365","45-54","Men","May",0.528,-0.235,1.328,3
"366","45-54","Men","Jun",0.334,-0.428,1.09,3
"367","45-54","Men","Jul",0.51,-0.25,1.317,3
"368","45-54","Men","Aug",0.265,-0.496,1.036,3
"369","45-54","Men","Sep",0.013,-0.759,0.76,3
"370","45-54","Men","Oct",-0.205,-1.069,0.583,3
"371","45-54","Men","Nov",0.2,-0.591,1.01,3
"372","45-54","Men","Dec",0.36,-0.428,1.199,3
"373","55-64","Men","Jan",0.089,-0.509,0.684,3
"374","55-64","Men","Feb",0.158,-0.427,0.732,3
"375","55-64","Men","Mar",0.544,-0.055,1.181,3
"376","55-64","Men","Apr",0.535,-0.05,1.144,3
"377","55-64","Men","May",0.453,-0.13,1.057,3
"378","55-64","Men","Jun",0.102,-0.49,0.671,3
"379","55-64","Men","Jul",0.333,-0.245,0.933,3
"380","55-64","Men","Aug",0.047,-0.544,0.628,3
"381","55-64","Men","Sep",0.009,-0.563,0.579,3
"382","55-64","Men","Oct",-0.128,-0.743,0.468,3
"383","55-64","Men","Nov",-0.037,-0.642,0.567,3
"384","55-64","Men","Dec",-0.074,-0.692,0.527,3
"385","65-74","Men","Jan",0.112,-0.418,0.641,3
"386","65-74","Men","Feb",0.085,-0.429,0.587,3
"387","65-74","Men","Mar",0.363,-0.166,0.908,3
"388","65-74","Men","Apr",0.339,-0.187,0.863,3
"389","65-74","Men","May",0.455,-0.07,0.988,3
"390","65-74","Men","Jun",0.419,-0.099,0.934,3
"391","65-74","Men","Jul",0.632,0.112,1.177,3
"392","65-74","Men","Aug",0.36,-0.171,0.885,3
"393","65-74","Men","Sep",0.41,-0.098,0.935,3
"394","65-74","Men","Oct",0.005,-0.559,0.54,3
"395","65-74","Men","Nov",0.205,-0.328,0.749,3
"396","65-74","Men","Dec",0.02,-0.533,0.556,3
"397","75-84","Men","Jan",-0.185,-0.715,0.375,3
"398","75-84","Men","Feb",-0.521,-1.058,-0.007,3
"399","75-84","Men","Mar",-0.249,-0.792,0.286,3
"400","75-84","Men","Apr",0.112,-0.414,0.652,3
"401","75-84","Men","May",0.215,-0.317,0.752,3
"402","75-84","Men","Jun",0.405,-0.112,0.938,3
"403","75-84","Men","Jul",0.328,-0.199,0.857,3
"404","75-84","Men","Aug",0.439,-0.097,1.005,3
"405","75-84","Men","Sep",-0.056,-0.574,0.46,3
"406","75-84","Men","Oct",-0.472,-1.036,0.067,3
"407","75-84","Men","Nov",-0.449,-0.99,0.091,3
"408","75-84","Men","Dec",-0.66,-1.242,-0.109,3
"409","85+","Men","Jan",-0.279,-0.991,0.458,3
"410","85+","Men","Feb",-0.593,-1.341,0.117,3
"411","85+","Men","Mar",-0.261,-1.031,0.469,3
"412","85+","Men","Apr",0.812,0.067,1.623,3
"413","85+","Men","May",0.582,-0.142,1.309,3
"414","85+","Men","Jun",0.762,0.063,1.484,3
"415","85+","Men","Jul",0.553,-0.162,1.267,3
"416","85+","Men","Aug",0.556,-0.163,1.284,3
"417","85+","Men","Sep",0.731,0.011,1.506,3
"418","85+","Men","Oct",-0.408,-1.224,0.345,3
"419","85+","Men","Nov",-0.212,-0.944,0.537,3
"420","85+","Men","Dec",-0.77,-1.581,-0.016,3
"421","25-34","Women","Jan",-0.065,-1.412,1.23,3
"422","25-34","Women","Feb",0.143,-1.143,1.46,3
"423","25-34","Women","Mar",-0.017,-1.336,1.28,3
"424","25-34","Women","Apr",-0.082,-1.405,1.198,3
"425","25-34","Women","May",-0.032,-1.332,1.241,3
"426","25-34","Women","Jun",0.122,-1.137,1.396,3
"427","25-34","Women","Jul",0.207,-1.041,1.485,3
"428","25-34","Women","Aug",0.183,-1.073,1.451,3
"429","25-34","Women","Sep",0.365,-0.888,1.691,3
"430","25-34","Women","Oct",0.266,-1.022,1.594,3
"431","25-34","Women","Nov",0.221,-1.084,1.559,3
"432","25-34","Women","Dec",0.14,-1.171,1.465,3
"433","35-44","Women","Jan",0.296,-0.829,1.391,3
"434","35-44","Women","Feb",0.18,-0.959,1.261,3
"435","35-44","Women","Mar",0.225,-0.914,1.321,3
"436","35-44","Women","Apr",0.308,-0.81,1.397,3
"437","35-44","Women","May",0.456,-0.633,1.548,3
"438","35-44","Women","Jun",0.633,-0.427,1.733,3
"439","35-44","Women","Jul",0.81,-0.252,1.963,3
"440","35-44","Women","Aug",0.726,-0.328,1.853,3
"441","35-44","Women","Sep",0.281,-0.849,1.342,3
"442","35-44","Women","Oct",0.323,-0.816,1.418,3
"443","35-44","Women","Nov",0.529,-0.579,1.678,3
"444","35-44","Women","Dec",0.646,-0.456,1.848,3
"445","45-54","Women","Jan",-0.231,-1.084,0.604,3
"446","45-54","Women","Feb",-0.279,-1.135,0.55,3
"447","45-54","Women","Mar",-0.083,-0.925,0.789,3
"448","45-54","Women","Apr",-0.276,-1.141,0.553,3
"449","45-54","Women","May",-0.022,-0.846,0.836,3
"450","45-54","Women","Jun",-0.242,-1.091,0.563,3
"451","45-54","Women","Jul",0.089,-0.724,0.927,3
"452","45-54","Women","Aug",0.287,-0.528,1.171,3
"453","45-54","Women","Sep",0.021,-0.794,0.84,3
"454","45-54","Women","Oct",-0.003,-0.849,0.859,3
"455","45-54","Women","Nov",-0.198,-1.079,0.651,3
"456","45-54","Women","Dec",-0.068,-0.919,0.808,3
"457","55-64","Women","Jan",-0.609,-1.342,0.075,3
"458","55-64","Women","Feb",-0.608,-1.313,0.059,3
"459","55-64","Women","Mar",-0.317,-1.007,0.38,3
"460","55-64","Women","Apr",-0.318,-1.015,0.358,3
"461","55-64","Women","May",0.064,-0.61,0.769,3
"462","55-64","Women","Jun",0.045,-0.618,0.71,3
"463","55-64","Women","Jul",0.208,-0.459,0.889,3
"464","55-64","Women","Aug",0.355,-0.318,1.068,3
"465","55-64","Women","Sep",0.134,-0.529,0.805,3
"466","55-64","Women","Oct",0.041,-0.653,0.745,3
"467","55-64","Women","Nov",-0.097,-0.797,0.606,3
"468","55-64","Women","Dec",-0.133,-0.828,0.592,3
"469","65-74","Women","Jan",-0.36,-0.962,0.235,3
"470","65-74","Women","Feb",-0.359,-0.936,0.21,3
"471","65-74","Women","Mar",-0.347,-0.963,0.249,3
"472","65-74","Women","Apr",-0.09,-0.685,0.502,3
"473","65-74","Women","May",0.12,-0.477,0.717,3
"474","65-74","Women","Jun",0.326,-0.257,0.909,3
"475","65-74","Women","Jul",0.903,0.27,1.592,3
"476","65-74","Women","Aug",0.401,-0.194,1.003,3
"477","65-74","Women","Sep",0.16,-0.42,0.741,3
"478","65-74","Women","Oct",-0.154,-0.778,0.45,3
"479","65-74","Women","Nov",-0.143,-0.75,0.467,3
"480","65-74","Women","Dec",-0.327,-0.949,0.283,3
"481","75-84","Women","Jan",-0.271,-0.82,0.291,3
"482","75-84","Women","Feb",-0.601,-1.174,-0.059,3
"483","75-84","Women","Mar",0.029,-0.527,0.602,3
"484","75-84","Women","Apr",0.165,-0.383,0.719,3
"485","75-84","Women","May",0.338,-0.215,0.896,3
"486","75-84","Women","Jun",0.484,-0.053,1.027,3
"487","75-84","Women","Jul",0.807,0.238,1.408,3
"488","75-84","Women","Aug",0.258,-0.294,0.816,3
"489","75-84","Women","Sep",-0.146,-0.682,0.389,3
"490","75-84","Women","Oct",-0.671,-1.275,-0.1,3
"491","75-84","Women","Nov",-0.516,-1.083,0.042,3
"492","75-84","Women","Dec",-0.388,-0.962,0.188,3
"493","85+","Women","Jan",-0.251,-0.819,0.321,3
"494","85+","Women","Feb",-0.432,-1.03,0.134,3
"495","85+","Women","Mar",0.089,-0.487,0.67,3
"496","85+","Women","Apr",0.432,-0.136,1.012,3
"497","85+","Women","May",0.68,0.111,1.267,3
"498","85+","Women","Jun",0.783,0.225,1.357,3
"499","85+","Women","Jul",0.708,0.143,1.284,3
"500","85+","Women","Aug",0.647,0.07,1.248,3
"501","85+","Women","Sep",0.153,-0.405,0.71,3
"502","85+","Women","Oct",-0.295,-0.898,0.285,3
"503","85+","Women","Nov",-0.41,-1.005,0.168,3
"504","85+","Women","Dec",-0.352,-0.949,0.237,3
